N,P,K,TEMPERATURE,HUMIDITY,PH,RAINFALL,LABEL
90,42,43,20.87974371,82.00274423,6.502985292,202.9355362,RICE
85,58,41,21.77046169,80.31964408,7.038096361,226.6555374,RICE
60,55,44,23.00445915,82.3207629,7.840207144,263.9642476,RICE
74,35,40,26.49109635,80.15836264,6.980400905,242.8640342,RICE
78,42,42,20.13017482,81.60487287,7.628472891,262.7173405,RICE
69,37,42,23.05804872,83.37011772,7.073453503,251.0549998,RICE
69,55,38,22.70883798,82.63941394,5.70080568,271.3248604,RICE
94,53,40,20.27774362,82.89408619,5.718627178,241.9741949,RICE
89,54,38,24.51588066,83.5352163,6.685346424,230.4462359,RICE
68,58,38,23.22397386,83.03322691,6.336253525,221.2091958,RICE
91,53,40,26.52723513,81.41753846,5.386167788,264.6148697,RICE
90,46,42,23.97898217,81.45061596,7.50283396,250.0832336,RICE
78,58,44,26.80079604,80.88684822,5.108681786,284.4364567,RICE
93,56,36,24.01497622,82.05687182,6.98435366,185.2773389,RICE
94,50,37,25.66585205,80.66385045,6.94801983,209.5869708,RICE
60,48,39,24.28209415,80.30025587,7.042299069,231.0863347,RICE
85,38,41,21.58711777,82.7883708,6.249050656,276.6552459,RICE
91,35,39,23.79391957,80.41817957,6.970859754,206.2611855,RICE
77,38,36,21.8652524,80.1923008,5.953933276,224.5550169,RICE
88,35,40,23.57943626,83.58760316,5.85393208,291.2986618,RICE
89,45,36,21.32504158,80.47476396,6.442475375,185.4974732,RICE
76,40,43,25.15745531,83.11713476,5.070175667,231.3843163,RICE
67,59,41,21.94766735,80.97384195,6.012632591,213.3560921,RICE
83,41,43,21.0525355,82.67839517,6.254028451,233.1075816,RICE
98,47,37,23.48381344,81.33265073,7.375482851,224.0581164,RICE
66,53,41,25.0756354,80.52389148,7.778915154,257.0038865,RICE
97,59,43,26.35927159,84.04403589,6.286500176,271.3586137,RICE
97,50,41,24.52922681,80.54498576,7.070959995,260.2634026,RICE
60,49,44,20.77576147,84.49774397,6.244841491,240.0810647,RICE
84,51,35,22.30157427,80.64416466,6.043304899,197.9791215,RICE
73,57,41,21.44653958,84.94375962,5.824709117,272.2017204,RICE
92,35,40,22.17931888,80.33127223,6.357389366,200.0882787,RICE
85,37,39,24.52783742,82.73685569,6.364134968,224.6757231,RICE
98,53,38,20.26707606,81.63895217,5.01450727,270.4417274,RICE
88,54,44,25.7354293,83.88266234,6.149410611,233.1321372,RICE
95,55,42,26.79533926,82.1480873,5.950660556,193.3473987,RICE
99,57,35,26.75754171,81.17734011,5.960370061,272.2999056,RICE
95,39,36,23.86330467,83.15250801,5.561398642,285.2493645,RICE
60,43,44,21.01944696,82.95221726,7.416245107,298.4018471,RICE
63,44,41,24.17298839,83.7287574,5.583370042,257.0343554,RICE
62,42,36,22.78133816,82.06719137,6.430010215,248.7183228,RICE
64,45,43,25.62980105,83.52842314,5.534878156,209.9001977,RICE
83,60,36,25.59704938,80.14509262,6.903985986,200.834898,RICE
82,40,40,23.83067496,84.81360127,6.271478838,298.5601175,RICE
85,52,45,26.31355498,82.36698992,7.224285503,265.5355937,RICE
91,35,38,24.8972823,80.52586088,6.13428721,183.6793207,RICE
76,49,42,24.958779,84.47963372,5.206373153,196.9560008,RICE
74,39,38,23.24113501,84.59201843,7.782051313,233.0453455,RICE
79,43,39,21.66628296,80.70960551,7.062779015,210.8142087,RICE
88,55,45,24.63544858,80.41363018,7.730367824,253.7202781,RICE
60,36,43,23.43121862,83.06310136,5.286203711,219.9048349,RICE
76,60,39,20.0454142,80.3477562,6.766240045,208.5810155,RICE
93,56,42,23.85724032,82.22572988,7.382762603,195.0948311,RICE
65,60,43,21.97199397,81.89918197,5.658169482,227.3637009,RICE
95,52,36,26.22916897,83.83625819,5.543360238,286.5083725,RICE
75,38,39,23.44676801,84.79352417,6.215109715,283.9338466,RICE
74,54,38,25.65553461,83.47021081,7.120272972,217.3788583,RICE
91,36,45,24.44345477,82.45432595,5.950647577,267.9761948,RICE
71,46,40,20.2801937,82.1235421,7.236705436,191.9535738,RICE
99,55,35,21.7238313,80.2389895,6.501697816,277.9626192,RICE
72,40,38,20.41447029,82.20802629,7.592490617,245.1511304,RICE
83,58,45,25.75528612,83.51827127,5.875345751,245.6626799,RICE
93,58,38,20.61521424,83.77345559,6.932400225,279.5451717,RICE
70,36,42,21.84106875,80.72886384,6.946209881,202.3838319,RICE
76,47,42,20.08369642,83.29114712,5.739175027,263.6372176,RICE
99,41,36,24.45802087,82.74835604,6.738652179,182.5616319,RICE
99,54,37,21.14347496,80.33502926,5.594819626,198.6730942,RICE
86,59,35,25.78720567,82.11124033,6.946636369,243.5120414,RICE
69,46,41,23.64124821,80.28597873,5.012139669,263.1103304,RICE
91,56,37,23.43191632,80.56887849,6.363472208,269.5039162,RICE
61,52,41,24.97669518,83.891805,6.880431223,204.8001847,RICE
67,45,38,22.72791041,82.1706881,7.300410836,260.8875056,RICE
79,42,37,24.87300744,82.84022551,6.587918708,295.6094492,RICE
78,43,42,21.32376327,83.00320459,7.283736617,192.3197536,RICE
75,54,36,26.29465461,84.56919326,7.023936392,257.4914906,RICE
97,36,45,22.2286982,81.85872947,6.939083505,278.0791793,RICE
67,47,44,26.73072391,81.78596776,7.868474653,280.4044392,RICE
73,35,38,24.88921174,81.97927117,5.005306977,185.9461429,RICE
77,36,37,26.88444878,81.46033732,6.136131869,194.5766559,RICE
81,41,38,22.67846116,83.72874389,7.524080076,200.9133156,RICE
68,57,43,26.08867875,80.37979919,5.706943251,182.9043504,RICE
72,45,35,25.42977518,82.94682591,5.758506323,195.3574542,RICE
61,53,43,26.40323239,81.05635517,6.349606327,223.3671883,RICE
67,43,39,26.04371967,84.96907151,5.999969026,186.7536773,RICE
67,58,39,25.2827223,80.54372813,5.453592032,220.1156708,RICE
66,60,38,22.08576562,83.47038318,6.372576327,231.7364957,RICE
82,43,38,23.28617173,81.43321641,5.105588355,242.3170629,RICE
84,50,44,25.48591986,81.40633547,5.935344406,182.6549356,RICE
81,53,42,23.67575393,81.03569343,5.17782304,233.7034975,RICE
91,50,40,20.82477109,84.1341879,6.462391607,230.2242223,RICE
93,53,38,26.92995077,81.91411159,7.069172227,290.6793783,RICE
90,44,38,23.83509503,83.88387074,7.473134377,241.2013513,RICE
81,45,35,26.52872817,80.12267476,6.158376967,218.9163567,RICE
78,40,38,26.46428311,83.85642678,7.549873681,248.2256491,RICE
60,51,36,22.69657794,82.81088865,6.028321558,256.9964761,RICE
88,46,42,22.68319059,83.46358271,6.604993475,194.2651719,RICE
93,47,37,21.53346343,82.14004101,6.500343222,295.9248796,RICE
60,55,45,21.40865769,83.3293191,5.935745417,287.5766935,RICE
78,35,44,26.54348085,84.67353597,7.072655622,183.6222657,RICE
65,37,40,23.35905428,83.59512273,5.333322606,188.413665,RICE
71,54,16,22.61359953,63.69070564,5.749914421,87.75953857,MAIZE
61,44,17,26.10018422,71.57476937,6.931756558,102.2662445,MAIZE
80,43,16,23.55882094,71.59351368,6.657964753,66.71995467,MAIZE
73,58,21,19.97215954,57.68272924,6.596060648,60.65171481,MAIZE
61,38,20,18.47891261,62.69503871,5.970458434,65.43835393,MAIZE
68,41,16,21.77689322,57.80840636,6.158830619,102.0861694,MAIZE
93,41,17,25.6217169,66.50415474,6.047906679,105.4654703,MAIZE
89,60,19,25.19192419,66.6902901,5.913664501,78.06639649,MAIZE
76,44,17,20.41683147,62.5542482,5.855442401,65.27798457,MAIZE
67,60,25,24.92162194,66.78627406,5.750254943,109.2162279,MAIZE
70,44,19,23.31689124,73.4541537,5.852607099,94.29712821,MAIZE
90,49,21,24.84016732,68.3584573,6.472523287,74.05474936,MAIZE
62,52,16,22.27526694,58.84015925,6.967057762,63.87020584,MAIZE
92,44,16,18.87751445,65.76816093,6.082973754,94.76189431,MAIZE
66,54,21,25.19008683,60.2001687,5.919045532,72.12375573,MAIZE
63,58,22,18.25405352,55.28220433,6.204747653,63.72358154,MAIZE
70,47,17,24.6129118,70.4162444,6.600827017,104.1626147,MAIZE
61,41,17,25.1420613,65.26185135,6.021902237,76.68456006,MAIZE
66,53,19,23.09348056,60.1159381,6.033550195,65.49730729,MAIZE
74,55,19,18.05033737,62.89366992,6.28886807,84.23613484,MAIZE
77,57,21,24.9321581,73.80435276,6.550563823,79.74078719,MAIZE
99,50,15,18.14710054,71.09445342,5.573286437,88.07753741,MAIZE
74,56,22,18.28362235,66.65952796,6.829199275,80.97573281,MAIZE
83,45,21,18.83344471,58.75082029,5.716222912,79.7532896,MAIZE
100,48,16,25.71895816,67.22190688,5.54990242,74.51490791,MAIZE
79,51,16,25.33797709,68.49835977,6.586244581,96.46380213,MAIZE
94,39,18,23.89114571,57.48775781,5.893093135,102.8301942,MAIZE
75,49,15,21.53574127,71.50905983,5.918263801,102.4852929,MAIZE
78,48,22,23.08974909,63.10459626,5.588650585,70.43473609,MAIZE
87,54,20,25.61707368,63.4711755,6.576418207,108.8303762,MAIZE
87,35,25,21.44526922,63.1621551,6.178056304,65.88951188,MAIZE
63,43,19,18.51816776,55.53128131,6.641906353,90.988051,MAIZE
84,57,25,22.53510514,67.99257471,6.489040367,64.40866039,MAIZE
64,35,23,23.02038334,61.89472002,5.680361038,63.03843397,MAIZE
60,46,22,24.89364635,65.61418761,6.625404348,87.9298085,MAIZE
98,44,21,25.77175115,74.089114,6.524478032,107.4931917,MAIZE
75,56,18,19.39851734,62.35750641,5.696205468,60.95197486,MAIZE
86,55,21,21.54156232,59.64024162,6.803931519,109.7515385,MAIZE
98,35,18,23.79746068,74.82913698,6.252797548,91.76337172,MAIZE
76,57,18,18.9802729,74.52600826,6.092725883,94.26249353,MAIZE
99,56,17,24.10859207,73.13112261,6.234330356,71.07562236,MAIZE
60,44,23,24.7947077,70.04556743,5.722579819,76.72860067,MAIZE
74,48,17,21.63162756,60.27766379,6.430616465,69.21803098,MAIZE
89,60,17,25.37548751,57.21025565,5.983952675,101.7004306,MAIZE
69,51,23,22.21738222,72.85462807,6.80163854,106.6213157,MAIZE
96,46,22,20.58314011,69.00128641,6.499936446,66.29390357,MAIZE
61,60,15,24.87502824,68.74248334,6.265564338,91.26056654,MAIZE
74,58,18,20.03728219,56.35606753,6.727303282,109.024141,MAIZE
74,43,23,25.95263264,61.89082199,6.325235159,99.57981207,MAIZE
63,43,17,19.28889933,65.47050802,6.807487794,71.3195307,MAIZE
99,36,20,20.57981887,65.34583901,6.671085817,78.34604471,MAIZE
77,36,23,24.71417533,56.73426469,6.648725327,88.45361858,MAIZE
87,60,23,20.27317074,63.91281869,6.439071996,62.50351892,MAIZE
60,38,17,18.41932981,64.23580251,6.474476516,76.41312437,MAIZE
94,54,17,23.39128187,61.74427165,5.871647806,107.3198135,MAIZE
95,38,22,19.84939404,61.24500053,5.730617109,100.7689246,MAIZE
84,44,21,21.869274,61.91044947,5.850439831,107.2681929,MAIZE
77,58,19,22.8056033,56.50768935,5.791649933,101.5952794,MAIZE
66,44,20,19.0781471,69.02298571,6.740000688,80.72515943,MAIZE
63,35,16,22.02720976,65.35549924,6.272417541,83.73280082,MAIZE
79,45,20,23.80546189,59.24537979,5.715208817,89.9622014,MAIZE
72,60,25,18.52510753,69.0276233,5.773454729,88.10234397,MAIZE
67,51,24,23.50297882,61.32026065,5.584171461,64.77791424,MAIZE
86,36,24,26.54986394,72.89187265,5.787268394,73.33636055,MAIZE
76,48,18,19.29563411,69.63481219,5.77597783,83.21030571,MAIZE
75,53,18,20.68899915,59.4375337,6.864793607,103.651438,MAIZE
81,45,23,19.32666088,68.034493,6.192360003,84.22969177,MAIZE
73,45,21,24.60532218,73.58868502,6.636803223,96.59195302,MAIZE
71,35,24,22.27373646,59.52193158,5.826426917,67.96704792,MAIZE
96,54,22,25.70196694,61.33450447,6.960358276,83.20711308,MAIZE
99,39,18,19.20129357,68.30578978,6.11275104,87.85092352,MAIZE
62,48,20,21.70181447,60.47470519,6.708446922,95.71388473,MAIZE
86,37,16,20.51716779,59.21235483,5.561510732,67.61013737,MAIZE
94,50,19,23.30355338,73.62548442,5.873242491,97.59081274,MAIZE
76,39,24,24.2547451,55.64709899,6.995843776,64.23845455,MAIZE
77,52,17,24.86374934,65.7420046,5.714799723,75.82270467,MAIZE
74,39,23,22.6265115,65.77472881,6.78073637,88.17251033,MAIZE
81,49,20,18.04185513,60.61494304,5.513697923,104.2321615,MAIZE
63,42,21,23.26237612,72.33125523,5.798423908,67.10225139,MAIZE
99,38,21,22.88330922,71.59722446,6.352471866,67.72777298,MAIZE
90,52,25,25.97482359,69.36385721,6.822586546,103.2234212,MAIZE
68,40,19,26.14384005,66.20569924,6.655426355,107.2361366,MAIZE
60,57,24,18.66116213,61.55327249,6.121294041,75.03247667,MAIZE
71,52,18,25.10787449,55.97732754,5.790770203,78.16077693,MAIZE
61,59,17,23.33844615,59.24580604,6.47444292,105.0083144,MAIZE
88,38,15,25.08239719,65.92195844,6.455116637,62.49190812,MAIZE
65,60,22,25.36768364,72.52054555,6.606984086,107.9124111,MAIZE
78,37,22,25.34217103,63.31801994,6.330554389,74.52082026,MAIZE
78,58,15,25.00933355,67.816568,6.528631266,62.91359494,MAIZE
92,60,23,18.66746724,71.516474,5.721667141,69.93293255,MAIZE
79,59,17,20.37999665,63.73849998,6.644205485,108.5054416,MAIZE
91,55,15,18.09300227,72.61024172,6.376651091,78.96159541,MAIZE
76,51,18,26.16985907,71.96246617,6.247040422,79.84925393,MAIZE
87,48,25,18.65396672,61.37879671,6.656730008,93.62039175,MAIZE
71,60,22,26.07470121,59.37147589,6.2048017,85.75692395,MAIZE
90,57,24,18.92851916,72.80086137,6.158860284,82.34162918,MAIZE
67,35,22,23.30546753,63.24648023,6.385684214,108.7603001,MAIZE
60,54,19,18.74826712,62.49878458,6.417820493,70.23401597,MAIZE
83,58,23,19.74213321,59.66263104,6.381201909,65.50861389,MAIZE
83,57,19,25.73044432,70.74739256,6.877869005,98.73771338,MAIZE
2,40,27,29.73770045,47.54885174,5.954626604,90.09586854,MANGO
39,24,31,33.55695561,53.72979826,4.757114897,98.67527561,MANGO
21,26,27,27.00315545,47.67525434,5.699586972,95.85118326,MANGO
25,22,25,33.56150184,45.53556603,5.977413803,95.70525913,MANGO
0,21,32,35.89855625,54.25964196,6.430139436,92.19721736,MANGO
20,19,35,34.17719782,50.62161586,6.113935087,98.00687989,MANGO
19,21,34,30.01592643,53.19212381,5.074272692,97.72843182,MANGO
18,17,31,31.74592134,45.16127859,5.667507706,93.75441586,MANGO
11,36,33,35.99009679,52.22780489,5.978634285,95.3713484,MANGO
30,28,30,31.86641378,52.19331595,5.064613314,98.46768642,MANGO
18,19,27,27.75518664,52.34605806,4.772385986,94.11213345,MANGO
23,23,27,34.72413192,51.4271781,5.161148592,97.31258083,MANGO
37,30,34,27.53907547,53.63549533,6.797779227,99.35408185,MANGO
11,27,30,27.69637763,48.5622488,6.39474303,89.85646496,MANGO
12,19,31,27.25373364,52.66319725,5.566704378,91.87312479,MANGO
3,28,33,30.33723921,48.88704844,5.755049971,94.42850522,MANGO
37,38,32,31.85744939,45.53106268,5.417340525,91.55845821,MANGO
26,37,30,35.39986338,49.45962621,6.166173834,97.41054011,MANGO
14,18,30,29.80747243,52.13797867,5.191265116,95.74606104,MANGO
40,16,35,34.16438906,54.16482251,4.954739564,98.33351125,MANGO
4,20,25,28.93270187,47.94053996,5.664587011,99.9834242,MANGO
36,25,33,27.98392787,53.33018851,5.548584852,99.61465679,MANGO
30,17,31,31.20478173,54.49960506,6.804437106,94.62954663,MANGO
28,37,28,32.13409675,50.52559148,6.097869767,98.63333684,MANGO
38,15,30,28.91862016,48.13974548,5.075504537,97.01331604,MANGO
12,37,30,31.09779147,47.41196659,4.546466109,90.28624348,MANGO
38,19,31,34.73823882,49.08864345,5.855119268,90.65022183,MANGO
8,33,29,29.98080499,49.48613279,6.442393461,91.82271568,MANGO
15,27,28,33.80398664,46.12866113,4.507523551,90.82549241,MANGO
34,16,25,30.07202564,50.96040505,6.10729559,92.09609766,MANGO
11,36,31,27.92063282,51.77965917,6.47544932,100.2585673,MANGO
33,29,34,31.40948821,49.21729127,6.832979509,92.99739415,MANGO
12,31,26,35.7877738,51.94190321,5.395275719,100.2160615,MANGO
12,34,28,33.36140093,45.02236377,6.13526938,98.81596545,MANGO
5,16,31,35.96054636,48.69677802,4.555688532,98.00644238,MANGO
1,30,29,28.33333307,51.39586505,6.434197756,91.67241761,MANGO
16,35,31,32.27652024,50.19368841,5.316875978,95.99487068,MANGO
35,18,26,31.99490489,50.84881347,5.279388967,97.38741498,MANGO
4,40,26,27.58258929,48.56916221,6.720041791,95.8445641,MANGO
9,29,34,29.38471637,45.88744691,5.72742254,100.8124659,MANGO
2,38,33,32.38697531,53.2328243,4.691396195,90.21633216,MANGO
26,32,32,30.91471455,49.92963856,6.810186079,90.14047759,MANGO
34,38,31,35.37775595,45.58110023,6.454045329,97.41586402,MANGO
5,32,33,32.32362177,52.5896771,5.842763773,93.36718816,MANGO
31,29,26,28.22373428,47.40519056,5.024124684,97.76832322,MANGO
34,34,35,27.27433181,47.16808054,6.422710539,95.257992,MANGO
36,19,32,27.10710832,50.70880979,4.94295037,92.37238878,MANGO
7,17,26,34.89226666,48.75613373,6.414526606,91.63074547,MANGO
38,15,27,33.7462686,48.50387598,6.777788126,92.26439205,MANGO
5,19,25,27.3511056,54.43945147,6.441328044,96.27792547,MANGO
37,36,26,32.89300162,52.61323969,4.650536197,94.49161372,MANGO
21,31,32,35.38598705,51.42664176,5.254532213,90.29643888,MANGO
37,36,27,27.5529736,47.90859131,5.910634533,90.40332704,MANGO
23,23,30,32.82141065,47.45553843,4.755273631,90.89173106,MANGO
36,26,26,30.17294105,51.0845903,6.814630246,95.23444287,MANGO
24,33,35,29.26382931,54.82257868,5.342866119,100.7586226,MANGO
26,18,30,32.06097197,51.08494181,6.336234624,96.59816497,MANGO
22,17,26,28.69818144,47.71875722,4.754435025,99.642454,MANGO
11,34,32,29.14305008,49.40983294,6.831706773,97.55155537,MANGO
29,35,28,28.3471611,53.53903102,6.967417766,90.40260445,MANGO
22,28,26,27.67256197,45.41692012,4.947683034,92.84991507,MANGO
23,24,32,28.1218093,46.16888595,5.630619901,93.30247448,MANGO
1,35,34,30.79375683,46.69536813,6.27339822,92.21318555,MANGO
2,24,34,28.89409382,54.80750249,6.472774648,94.76322976,MANGO
39,37,25,33.33024826,45.61143594,6.953246506,98.28583013,MANGO
15,36,27,27.78912455,53.96886679,5.643710216,91.01152997,MANGO
3,18,31,31.65333432,48.20662669,6.392313973,91.09745581,MANGO
8,38,32,29.75150773,46.73723302,4.981816523,91.405983,MANGO
33,31,34,31.32995611,50.22287593,5.421265283,89.78216168,MANGO
14,29,32,35.63627319,48.97047762,6.942520105,97.51952041,MANGO
18,20,26,31.66524687,51.98594645,5.435840509,89.98024312,MANGO
9,21,32,32.26935342,53.56092806,5.870116071,95.94035356,MANGO
20,30,27,27.81005614,51.59445462,4.74910393,95.89898581,MANGO
9,38,25,34.58561471,50.34035336,5.497946899,100.3060719,MANGO
26,24,34,31.27180992,52.23810152,6.811291098,89.74409017,MANGO
31,36,29,33.93679864,52.72170281,6.460542749,97.4611918,MANGO
14,18,35,31.09154239,47.02058367,4.791146778,91.46664318,MANGO
40,16,35,31.89356292,49.02450149,6.4841522,89.59371481,MANGO
28,27,34,32.45465292,50.69693751,6.526654345,95.04871605,MANGO
0,17,30,35.47478322,47.97230503,6.279133738,97.79072474,MANGO
1,29,29,27.32961444,49.30347234,6.052026047,93.53197359,MANGO
2,36,31,30.90225239,49.95955487,5.73171945,91.77522598,MANGO
12,27,26,29.09382275,45.5661059,5.32307197,96.23520043,MANGO
7,28,35,30.02086169,46.78393776,4.66910839,96.63721027,MANGO
0,36,26,34.13072188,51.25786185,5.101206389,96.38808001,MANGO
26,35,31,33.44619894,53.05980465,5.339556562,98.05089394,MANGO
27,21,30,35.3915464,52.48823147,5.061081874,91.22881052,MANGO
22,38,31,31.53356352,53.06009323,5.821106036,98.57025046,MANGO
22,18,31,30.7645515,47.93791463,5.956027059,90.38503469,MANGO
28,23,28,30.01821337,50.0983181,5.676032581,96.08745082,MANGO
7,31,27,31.32863689,47.59319575,6.524114355,94.67344737,MANGO
29,34,26,33.88004781,54.39416048,6.273953676,89.29147581,MANGO
8,37,33,28.07802689,54.9640534,6.128167757,97.45373619,MANGO
39,16,27,35.53845018,52.94641947,4.934964765,91.54560427,MANGO
40,24,25,28.70595247,50.44030129,5.445008416,95.8946444,MANGO
19,38,26,31.48451729,48.77926304,4.525722333,93.17221967,MANGO
21,21,30,27.69819273,51.41593238,5.403908328,100.7720705,MANGO
22,18,33,30.41235793,52.48100602,6.621623545,93.92375879,MANGO
31,20,30,32.17752026,54.01352682,6.207495815,91.88766069,MANGO
18,26,31,32.6112614,47.74916499,5.418475257,91.10190759,MANGO
24,130,195,29.99677232,81.54156612,6.112305667,67.12534492,GRAPES
13,144,204,30.7280404,82.42614055,6.092241627,68.38135469,GRAPES
22,123,205,32.44577836,83.88504863,5.896343436,68.73932528,GRAPES
36,125,196,37.46566825,80.65968681,6.15526103,66.83872293,GRAPES
24,131,196,22.03296178,83.74372787,5.732453638,65.34440794,GRAPES
2,123,198,39.64851881,82.21079946,6.253034534,70.39906054,GRAPES
35,140,197,16.77557314,82.75241875,6.106190557,66.76285469,GRAPES
11,122,195,12.14190714,83.56812483,5.647202395,69.63122027,GRAPES
6,123,203,12.7567962,81.62497448,6.130310493,66.77844567,GRAPES
17,134,204,39.04071989,80.18393287,6.499604931,73.88467027,GRAPES
25,130,197,39.70772192,82.68593454,5.554831977,74.91506217,GRAPES
27,145,205,9.467960445,82.29335466,5.800242694,66.02765219,GRAPES
9,122,201,29.58748357,80.91934392,5.570290539,68.06417307,GRAPES
16,139,203,17.82803682,80.96093443,6.27564088,65.84748763,GRAPES
32,141,204,8.825674745,82.89753705,5.536645599,67.235765,GRAPES
22,138,195,27.83487131,83.51444973,6.208196881,73.02882766,GRAPES
31,144,202,11.02105378,80.55557235,5.870600622,68.23963161,GRAPES
3,136,205,17.5862944,80.84806564,6.334771461,71.4065452,GRAPES
28,122,197,19.89363946,82.73366439,5.856575335,69.66256816,GRAPES
4,136,204,29.93707596,81.77713468,5.898944282,65.52279323,GRAPES
39,145,201,36.73126647,80.58931938,5.775600435,72.24230804,GRAPES
38,132,197,20.42094753,81.54185044,5.931101816,66.93065667,GRAPES
36,133,198,25.51939719,83.98351748,6.2286454,69.17281221,GRAPES
25,121,201,30.50734778,82.71775569,5.594240603,70.08200379,GRAPES
15,125,199,18.4269936,80.55625868,5.569230319,69.75734306,GRAPES
24,140,205,12.087022,83.59398734,5.93202852,68.66813363,GRAPES
13,132,203,23.60115364,82.48336987,6.423216506,73.23901752,GRAPES
5,126,197,12.80000387,81.20876367,6.417500829,67.10439401,GRAPES
30,120,200,38.06099482,82.24729637,6.234904253,65.70148216,GRAPES
23,142,197,39.06555518,82.03812973,6.000573725,69.30772897,GRAPES
26,135,203,33.78372897,81.16314317,5.685102769,74.53557341,GRAPES
7,126,203,16.76201707,82.00335557,5.662140095,73.28712806,GRAPES
32,139,198,35.89307536,82.66850729,6.358186848,66.53946559,GRAPES
9,141,202,21.01245395,81.17931863,6.119495295,66.38448261,GRAPES
20,142,196,10.89875873,80.01639435,6.207600783,68.69420397,GRAPES
32,129,201,16.36251869,83.00471609,6.48754639,71.55665483,GRAPES
3,134,199,20.28370163,81.32235739,5.81717753,71.06611222,GRAPES
38,138,204,25.11108456,83.25447587,6.325480034,73.01026829,GRAPES
14,131,198,33.4641162,83.86742974,5.562790949,67.92204319,GRAPES
20,122,204,11.7976469,80.86325389,6.487369687,65.06962486,GRAPES
40,126,201,11.36300891,80.03100049,6.116982944,71.18289431,GRAPES
36,128,204,25.23542319,80.68700527,5.695792761,67.03840888,GRAPES
11,132,197,15.99050693,81.23966573,5.734317007,74.40198861,GRAPES
0,137,195,22.4359017,80.18612085,6.329499832,65.3973168,GRAPES
19,123,200,34.76086052,81.03544763,6.167013532,65.70430027,GRAPES
31,136,197,31.11047251,83.34010951,5.653776058,71.43001582,GRAPES
4,134,200,28.57828803,80.95628959,5.840256272,73.34232097,GRAPES
39,139,201,41.18664903,81.01783402,5.539980812,68.68895899,GRAPES
8,127,196,27.02766138,83.17093908,5.833302165,70.95666003,GRAPES
39,138,203,21.19339319,82.33098331,6.399433771,74.62834921,GRAPES
32,120,204,10.38004759,83.44518113,6.138958698,67.3917379,GRAPES
12,142,203,31.3115978,82.56407013,5.972850838,65.01095312,GRAPES
8,133,195,20.46657776,80.97598029,6.456079585,71.29813872,GRAPES
8,139,199,29.36947679,81.53996362,6.336426667,66.13442813,GRAPES
21,134,202,10.72302459,80.02130636,6.425419926,65.2982112,GRAPES
40,140,195,14.97846952,80.49979873,6.294395676,71.63437433,GRAPES
39,127,202,15.3246651,81.67215994,6.477768039,71.60102999,GRAPES
19,120,195,18.73932187,81.12109244,5.931538447,73.55807954,GRAPES
21,139,201,19.3642553,83.36094029,5.980598579,67.15094741,GRAPES
17,136,195,41.20733624,81.61051026,6.389783283,65.90227462,GRAPES
33,139,203,33.34214482,82.51034633,5.693287415,70.68098614,GRAPES
22,133,201,23.81995682,80.12211649,6.00299607,67.2739864,GRAPES
32,130,196,40.66012294,81.24995984,6.372959542,74.03030056,GRAPES
37,135,205,11.82768186,80.2827185,5.510924849,74.10225057,GRAPES
15,140,195,13.28504331,83.54193816,5.69945282,65.80006004,GRAPES
39,132,196,35.83089092,83.32560104,5.778594403,73.67984885,GRAPES
40,121,199,26.18159716,81.03886263,6.315586313,66.05911698,GRAPES
40,132,202,24.57558351,80.70695797,5.971813006,69.706113,GRAPES
29,142,203,29.67229086,83.71498986,5.891195653,66.48490371,GRAPES
32,121,199,39.37102553,81.25353895,6.129812716,74.08101744,GRAPES
6,140,205,17.66558428,82.92903419,6.313085601,69.8671263,GRAPES
8,120,196,24.06679352,82.66396666,6.053662544,69.81855775,GRAPES
34,133,202,15.31413469,80.09711412,5.804799142,74.82144653,GRAPES
35,135,199,21.77466746,80.54942557,6.400719746,69.39630398,GRAPES
16,145,199,26.91624843,80.76838926,5.953966361,69.30927185,GRAPES
8,136,201,41.65602996,82.22118237,5.609255992,74.19664838,GRAPES
25,129,195,17.98667801,81.17712085,5.777271492,72.37127689,GRAPES
16,130,201,29.12033769,82.79092939,5.682395429,68.8503047,GRAPES
39,129,203,34.38922481,83.18392806,5.863996687,71.03001556,GRAPES
38,135,203,41.36106301,82.79782954,6.444373116,69.92107482,GRAPES
33,120,205,35.12158265,82.26890793,5.550832178,69.71518491,GRAPES
35,125,204,19.6491772,80.15215777,6.107741788,73.69529586,GRAPES
1,132,200,16.27852801,82.94270065,5.620745638,66.57462809,GRAPES
39,140,203,21.11903604,80.63399198,6.349875906,69.27779761,GRAPES
28,145,202,19.2077707,82.9042841,6.484323189,66.83113717,GRAPES
6,128,200,25.96308415,82.57813624,5.838748311,70.31782647,GRAPES
6,139,199,25.67385024,81.6212135,6.29099842,74.10919422,GRAPES
29,122,196,41.94865736,81.15595212,5.638328481,73.06862952,GRAPES
37,144,197,11.18994268,80.8084305,6.415555956,66.34234944,GRAPES
38,120,197,17.5438296,82.94703302,6.323722572,73.77063744,GRAPES
38,141,198,13.05809741,80.28297993,5.757009965,70.75633584,GRAPES
14,121,203,9.724457611,83.74765639,6.158689406,74.46411148,GRAPES
6,125,204,27.92004934,82.93262435,5.733539807,69.92092839,GRAPES
32,138,197,9.535585543,80.73112694,5.908724337,69.44115171,GRAPES
11,124,204,13.42988625,80.06633966,6.361141107,71.40043037,GRAPES
23,138,200,9.851242629,80.22631717,5.96537863,68.42802444,GRAPES
40,143,201,24.97256132,82.72828653,6.476757723,66.70016285,GRAPES
6,142,202,27.23708304,82.94573346,6.224542938,70.42508897,GRAPES
37,124,195,18.70679077,83.4795292,6.209928251,66.5964488,GRAPES
35,134,204,9.949929082,82.55138983,5.841138354,66.00817551,GRAPES
24,128,196,22.75088787,90.69489172,5.521466996,110.4317855,APPLE
7,144,197,23.8494014,94.34814995,6.133220586,114.0512495,APPLE
14,128,205,22.60800988,94.58900601,6.226289556,116.0396587,APPLE
8,120,201,21.18667419,91.13435689,6.321152192,122.233323,APPLE
20,129,201,23.41044706,91.69913296,5.587905967,116.0777931,APPLE
32,137,204,22.86006627,93.12859895,5.824151693,117.7296726,APPLE
27,139,205,22.48403042,93.40819246,5.772179946,105.5473627,APPLE
0,123,205,22.02775403,92.96129462,5.790993052,121.1349176,APPLE
22,144,196,21.91191314,91.68748063,6.499226821,117.0761277,APPLE
1,124,199,23.71059131,93.27392415,5.658473817,112.6676589,APPLE
30,122,197,21.37784654,92.72043743,5.573241391,106.1417017,APPLE
29,121,196,22.84852833,94.32130209,6.079497202,123.5977843,APPLE
13,126,204,23.1094265,92.79630809,6.383180271,108.183792,APPLE
9,139,199,23.25230817,94.54128292,5.867420996,105.3558408,APPLE
0,133,200,23.67287749,90.4935574,5.708418722,104.2298028,APPLE
30,143,199,23.76881552,90.59810302,5.7983508,102.2648546,APPLE
36,140,198,23.34386401,91.47684705,6.28188384,104.4267991,APPLE
37,137,199,22.63946441,90.18451645,5.697945522,108.3405879,APPLE
33,121,203,22.45696744,94.76285385,5.605934087,114.8407725,APPLE
7,144,195,22.96388477,93.58065995,5.85648105,104.6472986,APPLE
35,128,205,21.07273439,93.56585985,6.041053829,107.8737015,APPLE
29,128,198,22.44075021,92.70785115,5.685062404,121.4977331,APPLE
2,143,196,22.71271308,90.45261746,5.669489065,109.8852597,APPLE
34,140,198,21.70416965,93.44006288,5.751707342,115.1781396,APPLE
29,144,204,22.43324518,92.48667725,5.800448951,119.1025189,APPLE
32,141,203,21.25941052,92.84416234,5.821347769,109.0658471,APPLE
13,144,197,22.9215706,94.89613443,6.28022267,105.6941544,APPLE
25,143,198,22.81212536,91.51861705,6.027314401,107.855225,APPLE
9,137,200,21.12152071,90.6878768,5.636687393,102.8017203,APPLE
6,144,198,21.11478672,90.31528693,5.559363609,104.5086618,APPLE
37,126,196,23.59997268,90.97597665,5.596449493,107.1728191,APPLE
2,120,203,23.12652652,94.71203306,5.893492999,108.6211833,APPLE
11,143,197,22.98458907,93.3204487,5.875718516,122.1952483,APPLE
10,141,201,22.12659387,90.97818277,6.386021424,104.5412275,APPLE
24,142,202,22.53779727,91.48135786,5.710819862,101.8474768,APPLE
23,138,195,22.49095104,91.70292746,5.795985716,124.3915101,APPLE
18,125,204,22.35548159,94.47811755,6.046673619,116.7366261,APPLE
13,121,196,22.20700989,93.50574163,6.443382913,120.1593771,APPLE
26,122,202,22.44516988,94.73763514,5.617227184,107.1843273,APPLE
28,123,202,22.76643029,92.12438519,6.442289294,120.4359949,APPLE
26,121,201,22.19109412,90.02575116,6.162034371,112.3126628,APPLE
21,137,196,23.6119202,91.70293849,5.812781806,123.5900822,APPLE
21,135,198,23.86087054,94.92048112,5.765015126,105.0241329,APPLE
5,144,205,21.42177231,92.62665309,6.184922574,102.8045658,APPLE
2,123,205,22.36629253,90.78572467,5.739652177,124.9831618,APPLE
15,133,199,23.99686172,91.61001707,5.824778636,117.6102915,APPLE
31,130,198,21.80129837,92.73446667,5.554823557,120.0586671,APPLE
25,143,200,23.80436344,92.80441624,6.024248787,100.6192543,APPLE
16,143,204,23.71475278,91.53331177,5.631333387,121.8961665,APPLE
19,122,202,23.34467359,90.37981478,5.811975094,112.8954016,APPLE
10,125,196,22.31253665,90.03577124,5.730557448,113.0688155,APPLE
20,139,202,23.50201428,92.21083961,5.66999105,107.9868949,APPLE
28,123,198,23.46260321,91.45665004,5.682751473,111.7763395,APPLE
28,136,200,23.06204373,92.39544055,6.245858905,114.7399101,APPLE
2,131,199,22.47420512,91.22759742,6.017370134,124.2179699,APPLE
2,140,197,22.69780133,92.82223419,5.53456749,105.0508234,APPLE
27,138,201,23.66682067,93.90191078,5.952367662,105.4004751,APPLE
30,127,204,22.50050273,92.45878335,6.126436584,100.9343903,APPLE
32,145,203,23.83053666,90.84422164,6.406818518,109.5966791,APPLE
29,139,205,23.64142354,93.74461474,6.155939453,116.6912176,APPLE
26,126,195,21.41363812,92.99124545,5.878568981,118.3979065,APPLE
40,136,202,22.85267372,94.5764581,5.935336308,117.5314026,APPLE
6,124,200,22.98208095,93.84505029,5.971332179,109.5852253,APPLE
35,138,200,21.19909519,90.80819418,5.67130617,103.6838922,APPLE
17,136,196,23.87192332,90.49939035,5.882155988,103.0548094,APPLE
33,134,205,21.0365275,94.33919546,6.08551916,114.7412734,APPLE
16,143,197,22.61711614,93.51978375,5.90402645,116.9256766,APPLE
27,120,200,21.45278675,90.74531921,6.110218826,116.7036582,APPLE
29,145,205,22.81227579,92.12992101,6.212302608,109.3383552,APPLE
3,141,197,21.98141856,91.12719303,6.142803397,115.4789148,APPLE
15,123,204,22.52709326,92.54780429,6.365972688,115.3830068,APPLE
5,136,195,22.35628673,91.92360477,6.264202804,107.7697413,APPLE
10,136,204,21.19852186,92.15595143,6.276198595,105.8554351,APPLE
7,141,195,23.8812458,93.45067555,5.514253142,104.9116663,APPLE
2,129,201,22.78234161,94.36803516,5.682343744,122.1449949,APPLE
29,138,197,22.19055385,92.43764169,5.830892252,121.6622761,APPLE
30,137,200,22.91430043,90.70475565,5.603413172,118.6044645,APPLE
29,132,204,23.08950736,90.22507299,6.0967531,108.2166601,APPLE
14,139,197,21.72484506,92.83975602,6.056529526,121.6961761,APPLE
18,125,203,22.44307715,91.59234006,6.160267496,102.5565807,APPLE
33,143,204,21.1316077,91.95769858,5.814434775,122.5391946,APPLE
40,144,196,22.71750705,92.25479855,5.987262638,107.0289866,APPLE
9,143,197,23.75033085,92.88160462,5.570020684,117.6602827,APPLE
38,135,203,23.76121837,93.661643,5.965551311,100.825956,APPLE
28,130,196,22.13450646,94.67695747,6.062356467,112.9203223,APPLE
35,142,203,21.17089176,90.23730166,5.895319002,123.6495149,APPLE
12,129,205,22.36238282,91.15761594,6.119432215,118.6832725,APPLE
1,135,203,22.77856513,92.70124029,5.624203283,113.7759219,APPLE
0,145,205,21.22503442,90.09877774,5.52078314,113.9760462,APPLE
31,121,201,23.15791104,90.34396882,5.731535258,110.712841,APPLE
35,131,203,22.42776057,93.91722423,5.893490899,102.7230739,APPLE
29,140,195,23.64082979,90.95257927,5.560521058,116.7431319,APPLE
33,138,198,22.29423493,90.69033986,6.222390798,122.7418744,APPLE
14,140,197,23.35225078,90.90054697,6.071255131,113.0381382,APPLE
35,145,195,22.03911546,94.58075845,6.231950009,110.9804014,APPLE
40,120,197,23.80593812,92.48879468,5.889480679,119.6335548,APPLE
25,132,198,22.31944084,90.85174383,5.732757516,100.1173443,APPLE
31,137,196,22.14464104,93.82567435,6.400321212,120.6310784,APPLE
36,144,196,23.65167552,94.50528753,6.496934492,115.3611268,APPLE
10,140,197,22.16939473,90.27185592,6.229498836,124.4683112,APPLE
22,30,12,15.78144173,92.51077745,6.354006744,119.035002,ORANGE
37,6,13,26.03097313,91.50819306,7.511755068,101.2847738,ORANGE
27,13,6,13.36050601,91.35608208,7.335158382,111.2266885,ORANGE
7,16,9,18.87957654,92.04304496,7.813916603,114.6659511,ORANGE
20,7,9,29.47741671,91.57802915,7.129136941,111.1727497,ORANGE
26,27,10,28.06903173,92.91487288,6.079998496,114.1339416,ORANGE
5,23,15,25.66901098,92.04670813,7.408939392,112.5424199,ORANGE
0,18,14,29.77149434,92.00719952,7.207991261,114.4161786,ORANGE
39,24,14,30.55472573,90.90343769,7.189259647,106.0711985,ORANGE
13,23,6,23.96147583,90.26408017,7.365338111,102.6958703,ORANGE
21,17,15,23.98289638,91.5473145,7.455991072,118.4901697,ORANGE
33,12,8,25.26052689,90.31153735,6.822282114,117.3695296,ORANGE
6,9,12,31.08368929,90.14362642,7.028746406,109.6894658,ORANGE
19,7,10,14.78003032,91.22062116,6.118430299,100.1961762,ORANGE
24,18,6,26.56608303,94.45239715,6.285312759,116.3796525,ORANGE
9,11,8,24.85903405,94.39000473,6.559236744,111.7803734,ORANGE
31,8,7,34.51465139,93.63812684,7.163245982,103.5684926,ORANGE
22,17,5,24.12188673,90.72351622,6.945562889,102.835632,ORANGE
13,5,8,23.85340379,90.10522549,7.474710503,103.923226,ORANGE
16,8,9,24.60297538,91.28408653,7.601189843,111.2948115,ORANGE
4,13,6,15.63211033,94.25966183,7.561143224,101.4705704,ORANGE
0,25,14,19.33516809,91.97978938,6.361671475,116.450422,ORANGE
8,7,10,28.2620488,91.98317355,6.929216014,105.2132259,ORANGE
4,23,5,22.67594476,93.36348717,7.477935216,110.3332655,ORANGE
33,14,8,21.03200078,92.9641969,7.684420446,110.6823944,ORANGE
30,7,15,33.23453301,91.06053924,7.825531916,115.7659902,ORANGE
21,29,12,22.30318989,92.15987039,6.438668989,117.3688104,ORANGE
11,14,5,11.50322938,94.8933184,6.946354724,115.5683776,ORANGE
9,8,15,14.34320488,94.35734702,7.994465371,110.2223123,ORANGE
5,18,14,33.1056981,93.48447453,7.434118807,119.1709113,ORANGE
29,25,14,30.49183837,90.4582865,7.781988584,113.3302105,ORANGE
33,12,15,30.25578031,92.03272799,6.052318465,116.7173125,ORANGE
8,16,6,12.22816189,90.26457428,7.106650373,108.4161706,ORANGE
15,14,8,10.01081312,90.22399223,6.22094286,119.3941064,ORANGE
16,7,8,22.79196751,90.60901895,6.420457311,116.5084074,ORANGE
0,12,7,20.18432263,90.65458473,6.969249676,116.8130969,ORANGE
5,25,6,30.72119881,94.01331956,6.011302181,106.8118019,ORANGE
6,8,11,24.35590861,92.39651663,6.600948788,119.6946577,ORANGE
10,5,5,21.21306973,91.35349216,7.817846496,112.9834361,ORANGE
1,17,6,10.78689755,91.38411917,6.8198271,117.5293447,ORANGE
1,30,10,11.89925671,91.34663797,7.291405641,103.5771468,ORANGE
0,23,15,22.56664172,93.37488907,7.598729065,109.8585753,ORANGE
24,27,9,18.86883219,93.24688124,6.157135092,119.3936976,ORANGE
36,11,13,17.34083741,93.04897191,7.1917274,112.7194284,ORANGE
40,21,8,34.90665289,92.87820148,7.418761774,102.1906333,ORANGE
40,22,6,24.53610067,91.90997228,6.488221135,115.9787989,ORANGE
32,18,13,13.8377282,91.74780462,6.044167236,107.9873218,ORANGE
9,10,10,22.3551049,93.52211892,6.010391864,101.5164589,ORANGE
13,16,8,34.74004942,93.12316972,6.949838549,100.1967854,ORANGE
15,9,11,11.54785707,94.14861001,7.907956251,108.8289171,ORANGE
29,11,5,23.13338811,91.94670335,7.639788459,104.4224145,ORANGE
1,15,9,29.98364695,94.55239717,7.53350946,115.3560318,ORANGE
18,5,11,20.87947369,90.93756231,6.251586885,102.4550786,ORANGE
14,22,9,17.24944623,91.13772765,6.543191814,112.5090516,ORANGE
33,15,7,15.83388699,91.68293851,7.651225301,109.7571416,ORANGE
4,6,7,23.01014302,91.11764246,6.708889665,112.6738296,ORANGE
17,16,14,16.39624284,92.18151927,6.625538653,102.944161,ORANGE
12,20,10,24.45132792,93.10527686,6.528354932,109.4711098,ORANGE
34,29,8,31.87859192,91.15248149,6.450640306,105.3437825,ORANGE
39,28,10,31.34920143,91.48247612,7.181907673,109.1549823,ORANGE
31,25,12,18.05142392,90.03969587,7.016482298,111.7793889,ORANGE
12,6,8,30.84835031,92.86773675,6.388617138,107.4142681,ORANGE
12,29,13,22.45616931,91.52781832,7.57125447,118.0069295,ORANGE
26,11,11,13.70319166,90.95589386,7.609348255,106.2944879,ORANGE
19,24,15,20.48954522,93.72485075,7.137136973,111.8391951,ORANGE
39,21,9,13.20844373,94.02769434,6.354022554,106.2696156,ORANGE
16,29,13,32.31944397,93.67804556,6.196907944,117.6236473,ORANGE
36,29,13,20.68185224,90.91510525,7.829507245,109.7513927,ORANGE
37,23,12,31.52675982,90.50621806,6.395258356,113.1169398,ORANGE
39,9,15,25.35467646,91.81183218,7.992041984,116.7555937,ORANGE
31,5,14,17.66545409,91.69865887,6.583411671,110.6857506,ORANGE
18,12,8,12.59093977,91.81668769,6.206053072,119.3916718,ORANGE
20,20,10,11.86631922,93.68394562,6.976997772,106.060149,ORANGE
5,8,5,11.03367937,92.22706805,6.562594972,112.7715925,ORANGE
20,8,12,25.2990432,94.96419851,7.260416405,117.9733424,ORANGE
25,21,11,32.23797837,90.15406807,6.460044778,104.7052254,ORANGE
14,19,14,17.68408797,94.35815354,6.699164936,108.0638166,ORANGE
37,18,12,10.2708877,90.19147747,7.401121811,106.6955204,ORANGE
26,15,6,17.22034507,94.78797376,6.912033409,108.0054343,ORANGE
13,22,5,19.667056,90.50096668,7.764040111,100.1737964,ORANGE
32,25,9,10.35609594,93.75652041,7.796034006,101.1456947,ORANGE
19,7,9,27.255435,91.71369387,6.969883483,101.139435,ORANGE
28,7,9,34.5917846,92.13229786,6.730757538,115.5650287,ORANGE
24,30,11,32.39523995,94.51768464,6.601395755,113.25373,ORANGE
7,17,10,10.16431299,91.22320999,6.465913274,106.362551,ORANGE
18,23,8,21.49118657,93.43949693,6.41354791,101.4819888,ORANGE
7,20,12,16.53460397,94.76759975,6.475275337,110.0447896,ORANGE
20,23,11,31.8520694,90.12220323,6.407715561,109.9455062,ORANGE
18,14,11,28.04799508,90.00621688,6.550814117,117.1311498,ORANGE
34,11,10,31.75048899,94.59551226,7.36220835,115.1989301,ORANGE
20,29,10,29.07412717,93.27189064,7.36549204,100.7896871,ORANGE
37,24,13,19.14381903,90.71037456,7.8546243,108.0230792,ORANGE
12,8,10,16.14820285,91.4448027,7.995848977,107.4287664,ORANGE
34,10,14,34.05296914,92.05811721,6.725600855,116.8020848,ORANGE
6,13,9,34.51423957,90.56151463,7.786725333,118.3271968,ORANGE
27,30,5,32.71748548,90.54608254,7.656978112,113.328978,ORANGE
13,8,12,25.16296632,92.54736032,7.105904818,114.3117197,ORANGE
6,7,7,27.68167318,94.47316879,7.199106204,113.9995146,ORANGE
40,17,15,21.35093384,90.9492967,7.871063004,107.0862095,ORANGE
31,26,9,11.69894639,93.25638873,7.566165721,103.2005992,ORANGE
18,30,29,26.7627493,92.86056895,6.420018717,224.5903664,COCONUT
37,23,28,25.61294367,94.3138837,5.740054567,224.3206759,COCONUT
13,28,33,28.130115,95.64807631,5.686972967,151.0761899,COCONUT
2,21,35,25.02887163,91.53720922,6.293662363,179.8248944,COCONUT
10,18,35,27.79797651,99.64573002,6.381975465,181.6942283,COCONUT
7,11,32,29.25902906,95.11294697,5.542169139,184.7624496,COCONUT
39,5,31,27.10134661,93.69979946,5.551963184,150.9502632,COCONUT
34,6,27,25.84726298,90.92669463,5.860740481,147.8888994,COCONUT
31,30,29,26.58580443,90.98617591,5.558807063,178.8116076,COCONUT
25,7,35,28.38503882,99.18843684,5.55771171,189.6711349,COCONUT
16,18,26,28.43647052,91.81320717,5.568365926,145.5414413,COCONUT
26,10,33,28.27298134,96.93649473,6.07071786,198.8234862,COCONUT
27,8,32,27.00648436,96.46168931,5.627860549,144.3331315,COCONUT
37,18,30,27.63551259,99.34854917,6.38488418,157.9171537,COCONUT
19,15,34,26.29644905,99.65809151,5.685889066,215.9195049,COCONUT
0,19,33,27.1326009,95.23797989,6.234458417,204.7206567,COCONUT
31,20,26,25.56567803,97.61361544,6.443168642,199.7936345,COCONUT
9,17,32,25.94951662,93.40548703,5.842317989,172.0540491,COCONUT
22,11,29,28.03380598,95.01630593,5.955742971,218.0055713,COCONUT
31,6,26,29.12859129,91.30924833,5.741367375,157.2388553,COCONUT
34,6,30,27.0828252,97.00155491,5.948342571,171.7575545,COCONUT
24,6,32,28.11321494,90.01734526,6.387067562,172.4813641,COCONUT
1,8,26,27.5136304,94.18955816,5.562911913,156.6732553,COCONUT
31,13,33,27.63834933,95.48763389,5.85971872,205.5463111,COCONUT
10,9,28,29.01256899,94.01014388,6.282955073,150.0500312,COCONUT
36,27,26,26.58413917,95.78923137,6.25449571,171.6262299,COCONUT
38,24,33,28.28905147,97.00396405,5.973853124,142.9403233,COCONUT
11,6,25,28.69164799,96.65248672,6.081568052,178.9635457,COCONUT
16,14,30,29.70931288,96.30484325,6.37466756,209.8453993,COCONUT
33,14,35,27.14865285,96.66355213,6.027707171,149.2433497,COCONUT
16,6,29,29.28725038,91.95614918,5.868285082,132.1491176,COCONUT
32,11,31,25.06871967,93.31410447,6.205931638,134.8419069,COCONUT
38,14,30,26.92449525,91.20106019,5.570745386,194.9022136,COCONUT
8,6,33,28.27804288,93.64761266,6.095261013,171.9457959,COCONUT
23,6,33,29.18032562,92.73041222,6.025789594,204.9603677,COCONUT
29,25,35,28.3575072,91.64509299,5.542873799,160.7306991,COCONUT
24,14,33,29.38072512,93.27565685,6.366219551,218.5241851,COCONUT
32,12,30,25.39241091,98.08951196,5.579845008,218.080385,COCONUT
30,25,31,26.31270635,98.62048026,5.804965067,208.1181381,COCONUT
14,21,35,29.52501367,91.91185319,6.121005506,194.3100272,COCONUT
27,22,29,28.83214859,92.17170353,6.000248647,145.4172387,COCONUT
40,5,29,28.48444906,97.76865458,5.820978791,160.389421,COCONUT
17,11,32,28.74013335,93.39676499,5.620733794,156.7650823,COCONUT
30,30,35,25.00872392,95.59224018,6.001936419,165.8092179,COCONUT
28,10,30,29.8690834,91.14723422,6.305740522,192.7678575,COCONUT
39,7,29,27.54273211,94.59086121,6.362544111,150.2012138,COCONUT
32,20,35,26.52166434,98.38227669,5.588655387,144.6261698,COCONUT
7,15,32,25.03512351,95.89739958,6.182232762,174.796583,COCONUT
29,17,29,29.20394909,95.66997327,5.959493188,211.2506267,COCONUT
34,15,34,27.05826457,91.10510371,5.677282678,224.7006953,COCONUT
14,23,25,26.18552389,96.96637916,5.612122797,135.4186222,COCONUT
18,19,29,27.59376845,92.48519606,6.206077742,162.8432736,COCONUT
7,21,35,25.76011662,94.65830608,5.764812076,131.2451414,COCONUT
24,27,34,28.87862994,95.11320315,6.203376525,145.0583117,COCONUT
39,29,29,26.50908611,94.48414544,6.143662699,199.8778403,COCONUT
29,8,28,26.87037587,91.72546257,6.100429497,214.4128874,COCONUT
10,24,27,27.57283516,94.90485697,5.708409601,145.9298935,COCONUT
0,29,32,28.05912437,98.3670985,5.868255858,171.6516396,COCONUT
32,11,31,29.51611558,92.56492864,6.461225827,131.2116167,COCONUT
37,10,32,28.96318258,95.16333673,6.165084855,222.803013,COCONUT
20,29,27,25.09897688,92.36099489,6.047044342,157.7592626,COCONUT
31,29,35,27.1872282,92.19906776,6.137102505,141.3220576,COCONUT
17,30,27,29.03065024,90.79093862,5.894027065,205.5720367,COCONUT
1,12,30,27.754298,95.94643831,5.56222383,131.0900076,COCONUT
6,13,29,27.31155708,99.96906006,5.832608028,201.8258633,COCONUT
15,28,32,28.84270971,99.64328526,6.218571874,224.4016682,COCONUT
27,24,29,26.61423461,96.97300803,6.142010637,191.006688,COCONUT
3,23,30,29.70143197,95.65754365,6.078807239,215.1968037,COCONUT
8,26,26,25.54759871,91.64194826,5.702484758,212.867626,COCONUT
20,28,26,26.37978453,91.49882979,5.547594847,167.0470997,COCONUT
26,18,27,27.45907759,92.90736493,5.836075368,142.1430003,COCONUT
1,6,35,27.02269204,95.71935435,6.231662767,147.1682459,COCONUT
27,30,31,28.98545306,90.73966792,5.718120393,148.8398374,COCONUT
23,7,34,26.1055118,91.52421214,5.852038202,134.1279669,COCONUT
0,26,31,25.0707247,95.02156793,5.547933273,192.9036306,COCONUT
38,6,25,25.54963273,96.92786777,6.156259104,191.2996157,COCONUT
25,12,26,28.56973521,95.67906668,6.436314406,134.8370348,COCONUT
40,5,32,26.07010807,96.7036223,5.981169595,143.533473,COCONUT
0,19,31,25.51791333,94.38420565,6.271952833,178.7297725,COCONUT
26,9,32,25.9490364,94.73860514,6.470465614,144.1571109,COCONUT
35,30,34,28.2974764,95.41122824,6.141502001,182.4482352,COCONUT
19,30,30,29.56549169,91.40896307,5.826381164,224.8315729,COCONUT
31,13,33,29.69952329,95.21224392,6.342463714,148.3003692,COCONUT
17,29,26,26.14162144,93.28415295,6.071897347,195.4115025,COCONUT
2,30,30,26.00175125,94.79998418,6.331051715,209.540094,COCONUT
30,13,25,27.15116142,91.48889469,6.413184638,164.9182225,COCONUT
